name,email,city,job,nationality,mobile_number,passport
Kevin Archer,gmcdonald@example.com,East Rhonda,Regulatory affairs officer,Greenland,865-839-1740x58710,Sn066645
Jimmy Ellis,jturner@example.com,West Tracy,,Andorra,424-801-3706,eE943781
Hayden Ramsey,brittanygarcia@example.com,Lake Matthewchester,Diplomatic Services operational officer,Saint Lucia,,RD498621
,codylee@example.org,North Matthewstad,"Surveyor, rural practice",,400-329-5490x7116,WK791435
,chrisbailey@example.net,Port John,Toxicologist,Georgia,,nd710587
Diane Martin,hollynorman@example.com,Port Michealton,"Scientist, audiological",Saint Lucia,+1-734-897-1150x4751,zy877252
Charles Jenkins,joseph78@example.net,New Erika,Marine scientist,Bermuda,+1-794-884-0992x427,ja756312
Robert Gross,scottyoung@example.com,Aaronland,Counselling psychologist,Korea,(711)229-2393x5387,BD397430
Jackson English,whitedarlene@example.com,Chandlerbury,Jewellery designer,Congo,(995)329-4421,xQ601706
Rachel Holder,martha53@example.com,Scotttown,"Surveyor, insurance",Myanmar,(322)621-3579x95630,kt540920
William Duke,thomascindy@example.net,,Broadcast engineer,Philippines,+1-625-731-6073x57445,id752224
Jordan Miller,jpope@example.net,New Barbarafort,,Jersey,849.600.1635x180,
Denise Rojas,qwagner@example.com,Samanthaview,"Engineer, civil (consulting)",Grenada,001-741-887-5564,uE595325
Becky Arnold,,Jonesbury,"Surveyor, building control",Palestinian Territory,734-529-5996x0290,Ov805506
Michael Simmons,fernandotaylor@example.com,Brendaville,Retail merchandiser,Belgium,001-219-504-5493x55895,sf901701
Todd Dominguez,omiller@example.com,Lake Karen,Commercial/residential surveyor,Namibia,001-788-643-6088x96418,YM264389
,smithheidi@example.net,,"Engineer, communications",Albania,+1-346-746-2508x712,Fc113050
David Abbott,jessica68@example.org,Rayside,Psychotherapist,Germany,(456)595-2660x50896,fZ280703
Jeff Jackson,ucurtis@example.com,Antoniostad,Environmental health practitioner,Falkland Islands (Malvinas),001-950-402-7221x169,rQ559157
Duane Barnes,jessica68@example.com,Tammyberg,Commissioning editor,India,001-528-781-6182x21461,Hs942584
William Lopez,mason18@example.org,Andreafurt,Travel agency manager,Vanuatu,(959)998-9388,Ga820492
Renee Jackson,ninazuniga@example.com,Emilychester,Retail manager,Mexico,518.804.9774,un379978
Charles Huff,millsjames@example.net,Lawrencechester,Clinical embryologist,Isle of Man,978-212-0560,VF081128
Donna Hanson,rscott@example.net,Lake Nicholaston,Dancer,North Macedonia,5127664575,YO672569
Brittany Mccall,jjacobs@example.net,Erichaven,Medical technical officer,Zimbabwe,562.566.3095x07546,no870796
Andrea Pittman,mgross@example.net,Lake Jessicamouth,"Surveyor, land/geomatics",Kuwait,+1-277-480-2143x734,rH446284
Rick Jones,ptorres@example.net,Port Jenniferton,Television camera operator,Iran,931-284-6264x0556,NJ344131
Carlos Rojas,darrengiles@example.net,Mcdonaldfort,Meteorologist,Eritrea,+1-934-270-5421x463,IY841920
Frank Patton,,Jordanview,Forensic psychologist,Bermuda,001-450-440-8684x51378,ip045379
Jessica Valdez,obrienherbert@example.com,Robertfurt,"Teacher, adult education",Italy,3383749709,zS877619
Ryan Kerr,jamiehall@example.net,Hopkinsborough,"Designer, television/film set",Costa Rica,001-878-361-8164x56636,Nz210650
Julian Wheeler,dianamedina@example.com,Lake Deborahside,"Development worker, international aid",Bhutan,+1-604-314-1408,hQ778715
Sarah Bray,,Johnfort,,Chad,327.240.2593x48670,tX380681
James Oneill,tyler61@example.org,South Hollyland,Immunologist,Cyprus,622-940-8699x29811,dx513694
Laura Avila,rebeccanovak@example.com,Port Elizabethfort,Architect,Lao People's Democratic Republic,,LJ497793
Allen Ward,valerie72@example.com,Nguyenchester,Quality manager,Brazil,(281)270-5083x7628,Xl539610
Patricia Kim,michele29@example.net,,Cytogeneticist,United States Virgin Islands,(833)914-6029x83856,pp046148
Luis Erickson,melodymayer@example.net,Heiditon,Dancer,Mexico,+1-630-754-5009x6377,vz279356
,cmartinez@example.org,Michaelborough,Drilling engineer,,(796)605-1635,WC605290
Michele Robinson DVM,rlowery@example.org,Pachecofort,Quarry manager,Georgia,(212)721-6270x1699,UT703243
Regina Smith,amanda71@example.com,North Karenshire,,,+1-930-542-4118x85873,lt456712
Candace Rodriguez,taraflores@example.com,,"Administrator, sports",Mozambique,(628)403-9323x030,uP734833
John Dixon,lori42@example.com,Grantbury,Restaurant manager,,+1-485-627-0819x27742,WX776882
Valerie Jenkins,morenokaren@example.net,Port Deborah,,Chad,269-947-7288,eg012246
Diane Berger,kristencastro@example.com,Matthewview,"Lecturer, further education",,,Bf304238
Mary Horn,jpayne@example.org,Lisachester,"Biochemist, clinical",Congo,(364)648-8936x3571,To326607
Michael Stanley,shannonsmith@example.com,Brianburgh,"Development worker, international aid",Armenia,9025719210,bk909044
Joseph Johnson,thomasbryan@example.net,,"Librarian, public",,(900)884-4917x111,CD754585
Michael Jones,garyhenson@example.com,Mcculloughshire,Insurance claims handler,Ukraine,(602)999-1653,Bb666943
Ann Smith,paultrevino@example.org,Petersonhaven,"Teacher, primary school",,,BJ830279
